mesh_id,mesh_name,tree_number,level
D009369,Neoplasms,C04,1
D003560,Cysts,C04.182,2
D016080,Arachnoid Cysts,C04.182.044,3
D001845,Bone Cysts,C04.182.089,3
D017824,"Bone Cysts, Aneurysmal",C04.182.089.265,4
D007570,Jaw Cysts,C04.182.089.530,4
D009631,Nonodontogenic Cysts,C04.182.089.530.660,5
D009807,Odontogenic Cysts,C04.182.089.530.690,5
D001478,Basal Cell Nevus Syndrome,C04.182.089.530.690.150,6
D003803,Dentigerous Cyst,C04.182.089.530.690.310,6
D018333,"Odontogenic Cyst, Calcifying",C04.182.089.530.690.605,6
D010509,Periodontal Cyst,C04.182.089.530.690.790,6
D011842,Radicular Cyst,C04.182.089.530.690.790.820,7
D001935,Branchioma,C04.182.117,3
D047688,Breast Cyst,C04.182.156,3
D001994,Bronchogenic Cyst,C04.182.195,3
D017043,Chalazion,C04.182.197,3
D015529,Choledochal Cyst,C04.182.198,3
D056364,Colloid Cysts,C04.182.199,3
D003884,Dermoid Cyst,C04.182.201,3
D004814,Epidermal Cyst,C04.182.254,3
D004934,Esophageal Cyst,C04.182.281,3
D005497,Follicular Cyst,C04.182.300,3
D045888,Ganglion Cysts,C04.182.347,3
D008210,Lymphocele,C04.182.430,3
D008476,Mediastinal Cyst,C04.182.444,3
D008639,Mesenteric Cyst,C04.182.473,3
D009078,Mucocele,C04.182.511,3
D010048,Ovarian Cysts,C04.182.612,3
D011085,Polycystic Ovary Syndrome,C04.182.612.765,4
D010181,Pancreatic Cyst,C04.182.640,3
D010192,Pancreatic Pseudocyst,C04.182.640.692,4
D010310,Parovarian Cyst,C04.182.668,3
D010864,Pilonidal Sinus,C04.182.710,3
D011900,Ranula,C04.182.766,3
D013581,Synovial Cyst,C04.182.867,3
D011151,Popliteal Cyst,C04.182.867.500,4
D052958,Tarlov Cysts,C04.182.872,3
D013955,Thyroglossal Cyst,C04.182.902,3
D014496,Urachal Cyst,C04.182.946,3
D006222,Hamartoma,C04.445,2
D006223,"Hamartoma Syndrome, Multiple",C04.445.435,3
D016715,Proteus Syndrome,C04.445.435.500,4
D054975,Pallister-Hall Syndrome,C04.445.622,3
D014402,Tuberous Sclerosis,C04.445.810,3
D009370,Neoplasms by Histologic Type,C04.557,2
D015620,"Histiocytic Disorders, Malignant",C04.557.227,3
D000099067,Blastic Plasmacytoid Dendritic Cell Neoplasm,C04.557.227.001,4
D054740,"Dendritic Cell Sarcoma, Follicular",C04.557.227.190,4
D054739,"Dendritic Cell Sarcoma, Interdigitating",C04.557.227.199,4
D054747,Histiocytic Sarcoma,C04.557.227.380,4
D054752,Langerhans Cell Sarcoma,C04.557.227.500,4
D007938,Leukemia,C04.557.337,3
D000099067,Blastic Plasmacytoid Dendritic Cell Neoplasm,C04.557.337.001,4
D016583,Enzootic Bovine Leukosis,C04.557.337.100,4
D007942,"Leukemia, Experimental",C04.557.337.372,4
D001353,Avian Leukosis,C04.557.337.372.216,5
D007939,Leukemia L1210,C04.557.337.372.594,5
D007940,Leukemia L5178,C04.557.337.372.602,5
D007941,Leukemia P388,C04.557.337.372.782,5
D016582,"Leukemia, Feline",C04.557.337.385,4
D007943,"Leukemia, Hairy Cell",C04.557.337.415,4
D007945,"Leukemia, Lymphoid",C04.557.337.428,4
D015448,"Leukemia, B-Cell",C04.557.337.428.080,5
D015451,"Leukemia, Lymphocytic, Chronic, B-Cell",C04.557.337.428.080.125,6
D054403,"Leukemia, Prolymphocytic, B-Cell",C04.557.337.428.080.562,6
D015456,"Leukemia, Biphenotypic, Acute",C04.557.337.428.100,5
D015463,"Leukemia, Prolymphocytic",C04.557.337.428.565,5
D054403,"Leukemia, Prolymphocytic, B-Cell",C04.557.337.428.565.745,6
D015461,"Leukemia, Prolymphocytic, T-Cell",C04.557.337.428.565.750,6
D015458,"Leukemia, T-Cell",C04.557.337.428.580,5
D054066,"Leukemia, Large Granular Lymphocytic",C04.557.337.428.580.049,6
D015461,"Leukemia, Prolymphocytic, T-Cell",C04.557.337.428.580.075,6
D015459,"Leukemia-Lymphoma, Adult T-Cell",C04.557.337.428.580.100,6
D054198,Precursor Cell Lymphoblastic Leukemia-Lymphoma,C04.557.337.428.600,5
D015452,Precursor B-Cell Lymphoblastic Leukemia-Lymphoma,C04.557.337.428.600.600,6
D054218,Precursor T-Cell Lymphoblastic Leukemia-Lymphoma,C04.557.337.428.600.620,6
D007946,"Leukemia, Mast-Cell",C04.557.337.440,4
D007951,"Leukemia, Myeloid",C04.557.337.539,4
D015464,"Leukemia, Myelogenous, Chronic, BCR-ABL Positive",C04.557.337.539.250,5
D001752,Blast Crisis,C04.557.337.539.250.100,6
D015465,"Leukemia, Myeloid, Accelerated Phase",C04.557.337.539.250.300,6
D015466,"Leukemia, Myeloid, Chronic-Phase",C04.557.337.539.250.400,6
D015470,"Leukemia, Myeloid, Acute",C04.557.337.539.275,5
D015471,"Leukemia, Basophilic, Acute",C04.557.337.539.275.125,6
D015472,"Leukemia, Eosinophilic, Acute",C04.557.337.539.275.300,6
D004915,"Leukemia, Erythroblastic, Acute",C04.557.337.539.275.325,6
D007946,"Leukemia, Mast-Cell",C04.557.337.539.275.440,6
D007947,"Leukemia, Megakaryoblastic, Acute",C04.557.337.539.275.450,6
D007948,"Leukemia, Monocytic, Acute",C04.557.337.539.275.484,6
D015473,"Leukemia, Promyelocytic, Acute",C04.557.337.539.275.700,6
D054438,"Leukemia, Myeloid, Chronic, Atypical, BCR-ABL Negative",C04.557.337.539.300,5
D015479,"Leukemia, Myelomonocytic, Acute",C04.557.337.539.520,5
D015477,"Leukemia, Myelomonocytic, Chronic",C04.557.337.539.522,5
D054429,"Leukemia, Myelomonocytic, Juvenile",C04.557.337.539.525,5
D023981,"Sarcoma, Myeloid",C04.557.337.539.775,5
D007952,"Leukemia, Plasma Cell",C04.557.337.595,4
D007953,"Leukemia, Radiation-Induced",C04.557.337.650,4
D018190,"Neoplasm, Lymphatic Tissue",C04.557.375,3
D008202,Lymphangioma,C04.557.375.450,4
D018191,"Lymphangioma, Cystic",C04.557.375.450.450,5
D008203,Lymphangiomyoma,C04.557.375.460,4
D018192,Lymphangioleiomyomatosis,C04.557.375.460.465,5
D008204,Lymphangiosarcoma,C04.557.375.480,4
D008223,Lymphoma,C04.557.386,3
D000099067,Blastic Plasmacytoid Dendritic Cell Neoplasm,C04.557.386.001,4
D058617,Composite Lymphoma,C04.557.386.150,4
D006689,Hodgkin Disease,C04.557.386.355,4
D007161,Immunoproliferative Small Intestinal Disease,C04.557.386.390,4
D064090,Intraocular Lymphoma,C04.557.386.435,4
D008228,"Lymphoma, Non-Hodgkin",C04.557.386.480,4
D016393,"Lymphoma, B-Cell",C04.557.386.480.150,5
D002051,Burkitt Lymphoma,C04.557.386.480.150.165,6
D016483,"Lymphoma, AIDS-Related",C04.557.386.480.150.450,6
D018442,"Lymphoma, B-Cell, Marginal Zone",C04.557.386.480.150.570,6
D016403,"Lymphoma, Large B-Cell, Diffuse",C04.557.386.480.150.585,6
D000069293,Plasmablastic Lymphoma,C04.557.386.480.150.585.500,7
D054685,"Lymphoma, Primary Effusion",C04.557.386.480.150.592,6
D008230,Lymphomatoid Granulomatosis,C04.557.386.480.150.600,6
D008224,"Lymphoma, Follicular",C04.557.386.480.350,5
D016400,"Lymphoma, Large-Cell, Immunoblastic",C04.557.386.480.493,5
D020522,"Lymphoma, Mantle-Cell",C04.557.386.480.525,5
D016399,"Lymphoma, T-Cell",C04.557.386.480.750,5
D058527,Enteropathy-Associated T-Cell Lymphoma,C04.557.386.480.750.099,6
D054391,"Lymphoma, Extranodal NK-T-Cell",C04.557.386.480.750.199,6
D017728,"Lymphoma, Large-Cell, Anaplastic",C04.557.386.480.750.399,6
D016410,"Lymphoma, T-Cell, Cutaneous",C04.557.386.480.750.800,6
D054446,"Lymphoma, Primary Cutaneous Anaplastic Large Cell",C04.557.386.480.750.800.507,7
D017731,Lymphomatoid Papulosis,C04.557.386.480.750.800.528,7
D009182,Mycosis Fungoides,C04.557.386.480.750.800.550,7
D056267,Pagetoid Reticulosis,C04.557.386.480.750.800.550.600,8
D012751,Sezary Syndrome,C04.557.386.480.750.800.775,7
D016411,"Lymphoma, T-Cell, Peripheral",C04.557.386.480.750.825,6
D018193,"Neoplasms, Complex and Mixed",C04.557.435,3
D000235,Adenolymphoma,C04.557.435.075,4
D008949,"Adenoma, Pleomorphic",C04.557.435.090,4
D055331,Adenomyoepithelioma,C04.557.435.108,4
D018194,Adenomyoma,C04.557.435.110,4
D018195,Adenosarcoma,C04.557.435.135,4
D018196,"Carcinoma, Adenosquamous",C04.557.435.250,4
D002296,Carcinosarcoma,C04.557.435.290,4
D002279,"Carcinoma 256, Walker",C04.557.435.290.210,5
D058617,Composite Lymphoma,C04.557.435.295,4
D018197,Hepatoblastoma,C04.557.435.380,4
D008637,Mesenchymoma,C04.557.435.500,4
D018198,"Mixed Tumor, Malignant",C04.557.435.525,4
D018199,"Mixed Tumor, Mesodermal",C04.557.435.530,4
D018200,"Mixed Tumor, Mullerian",C04.557.435.540,4
D009208,Myoepithelioma,C04.557.435.585,4
D009396,Wilms Tumor,C04.557.435.595,4
D030321,Denys-Drash Syndrome,C04.557.435.595.220,5
D017624,WAGR Syndrome,C04.557.435.595.950,5
D018201,"Nephroma, Mesoblastic",C04.557.435.600,4
D018202,Pulmonary Blastoma,C04.557.435.675,4
D018335,Rhabdoid Tumor,C04.557.435.710,4
D018203,"Sarcoma, Endometrial Stromal",C04.557.435.775,4
D013945,Thymoma,C04.557.435.850,4
D018204,"Neoplasms, Connective and Soft Tissue",C04.557.450,3
D018205,"Neoplasms, Adipose Tissue",C04.557.450.550,4
D018206,Angiolipoma,C04.557.450.550.100,5
D018207,Angiomyolipoma,C04.557.450.550.125,5
D008067,Lipoma,C04.557.450.550.400,5
D062689,Lipoblastoma,C04.557.450.550.400.500,6
D008080,Liposarcoma,C04.557.450.550.420,5
D018208,"Liposarcoma, Myxoid",C04.557.450.550.420.425,6
D018209,Myelolipoma,C04.557.450.550.710,5
D009372,"Neoplasms, Connective Tissue",C04.557.450.565,4
D002804,Chondroblastoma,C04.557.450.565.250,5
D002812,Chondroma,C04.557.450.565.265,5
D018210,Chondromatosis,C04.557.450.565.265.270,6
D002813,Chondrosarcoma,C04.557.450.565.280,5
D000077207,"Chondrosarcoma, Clear Cell",C04.557.450.565.280.140,6
D018211,"Chondrosarcoma, Mesenchymal",C04.557.450.565.280.280,6
D036821,Endometrial Stromal Tumors,C04.557.450.565.325,5
D046152,Gastrointestinal Stromal Tumors,C04.557.450.565.370,5
D005870,Giant Cell Tumors,C04.557.450.565.380,5
D018212,Giant Cell Tumor of Bone,C04.557.450.565.380.380,6
D000070779,Giant Cell Tumor of Tendon Sheath,C04.557.450.565.380.690,6
D013586,"Synovitis, Pigmented Villonodular",C04.557.450.565.380.690.500,7
D008415,Mastocytosis,C04.557.450.565.465,5
D012515,Mast-Cell Sarcoma,C04.557.450.565.465.124,6
D034801,Mastocytoma,C04.557.450.565.465.249,6
D054705,"Mastocytoma, Skin",C04.557.450.565.465.249.500,7
D034701,"Mastocytosis, Cutaneous",C04.557.450.565.465.500,6
D054705,"Mastocytoma, Skin",C04.557.450.565.465.500.500,7
D014582,Urticaria Pigmentosa,C04.557.450.565.465.500.850,7
D034721,"Mastocytosis, Systemic",C04.557.450.565.465.750,6
D047708,Myofibroma,C04.557.450.565.540,5
D000077777,Myopericytoma,C04.557.450.565.545,5
D009232,Myxoma,C04.557.450.565.550,5
D056733,Carney Complex,C04.557.450.565.550.312,6
D018321,Neurothekeoma,C04.557.450.565.550.625,6
D009236,Myxosarcoma,C04.557.450.565.560,5
D018213,"Neoplasms, Bone Tissue",C04.557.450.565.575,5
D018214,"Fibroma, Ossifying",C04.557.450.565.575.400,6
D018212,Giant Cell Tumor of Bone,C04.557.450.565.575.420,6
D018215,Osteoblastoma,C04.557.450.565.575.600,6
D015831,Osteochondroma,C04.557.450.565.575.610,6
D018216,Osteochondromatosis,C04.557.450.565.575.610.615,7
D005097,"Exostoses, Multiple Hereditary",C04.557.450.565.575.610.615.325,8
D010016,Osteoma,C04.557.450.565.575.625,6
D010017,"Osteoma, Osteoid",C04.557.450.565.575.625.625,7
D012516,Osteosarcoma,C04.557.450.565.575.650,6
D018217,"Osteosarcoma, Juxtacortical",C04.557.450.565.575.650.655,7
D012512,"Sarcoma, Ewing",C04.557.450.565.575.650.800,7
D018218,"Neoplasms, Fibrous Tissue",C04.557.450.565.590,5
D005350,Fibroma,C04.557.450.565.590.340,6
D004387,Dupuytren Contracture,C04.557.450.565.590.340.173,7
D018220,"Fibroma, Desmoplastic",C04.557.450.565.590.340.345,7
D018214,"Fibroma, Ossifying",C04.557.450.565.590.340.360,7
D018221,"Fibromatosis, Abdominal",C04.557.450.565.590.340.400,7
D018222,Desmoid Tumors,C04.557.450.565.590.340.410,7
D000071380,"Fibromatosis, Plantar",C04.557.450.565.590.340.705,7
D005354,Fibrosarcoma,C04.557.450.565.590.350,6
D018223,Dermatofibrosarcoma,C04.557.450.565.590.350.320,7
D018319,Neurofibrosarcoma,C04.557.450.565.590.350.590,7
D051642,Histiocytoma,C04.557.450.565.590.425,6
D018219,"Histiocytoma, Benign Fibrous",C04.557.450.565.590.425.350,7
D051677,"Histiocytoma, Malignant Fibrous",C04.557.450.565.590.425.360,7
D018224,Myofibromatosis,C04.557.450.565.590.550,6
D018225,"Neoplasms, Fibroepithelial",C04.557.450.565.590.595,6
D000232,Adenofibroma,C04.557.450.565.590.595.050,7
D062625,Cystadenofibroma,C04.557.450.565.590.595.050.500,8
D001948,Brenner Tumor,C04.557.450.565.590.595.150,7
D018226,Fibroadenoma,C04.557.450.565.590.595.350,7
D054364,Solitary Fibrous Tumors,C04.557.450.565.590.797,6
D054363,"Solitary Fibrous Tumor, Pleural",C04.557.450.565.590.797.750,7
D018227,"Sarcoma, Clear Cell",C04.557.450.565.800,5
D018228,"Sarcoma, Small Cell",C04.557.450.565.825,5
D013584,"Sarcoma, Synovial",C04.557.450.565.835,5
D009379,"Neoplasms, Muscle Tissue",C04.557.450.590,4
D016586,Granular Cell Tumor,C04.557.450.590.350,5
D007889,Leiomyoma,C04.557.450.590.450,5
D018229,Angiomyoma,C04.557.450.590.450.125,6
D018230,"Leiomyoma, Epithelioid",C04.557.450.590.450.455,6
D018231,Leiomyomatosis,C04.557.450.590.450.465,6
D007890,Leiomyosarcoma,C04.557.450.590.455,5
D009214,Myoma,C04.557.450.590.540,5
D012207,Rhabdomyoma,C04.557.450.590.540.700,6
D009217,Myosarcoma,C04.557.450.590.550,5
D012208,Rhabdomyosarcoma,C04.557.450.590.550.660,6
D018232,"Rhabdomyosarcoma, Alveolar",C04.557.450.590.550.660.665,7
D018233,"Rhabdomyosarcoma, Embryonal",C04.557.450.590.550.660.675,7
D018234,"Sarcoma, Alveolar Soft Part",C04.557.450.590.775,5
D018235,Smooth Muscle Tumor,C04.557.450.590.800,5
D054973,Perivascular Epithelioid Cell Neoplasms,C04.557.450.692,4
D018207,Angiomyolipoma,C04.557.450.692.249,5
D018192,Lymphangioleiomyomatosis,C04.557.450.692.500,5
D012509,Sarcoma,C04.557.450.795,4
D018195,Adenosarcoma,C04.557.450.795.135,5
D002296,Carcinosarcoma,C04.557.450.795.290,5
D002279,"Carcinoma 256, Walker",C04.557.450.795.290.210,6
D002813,Chondrosarcoma,C04.557.450.795.300,5
D000077207,"Chondrosarcoma, Clear Cell",C04.557.450.795.300.140,6
D018211,"Chondrosarcoma, Mesenchymal",C04.557.450.795.300.280,6
D058405,Desmoplastic Small Round Cell Tumor,C04.557.450.795.315,5
D036821,Endometrial Stromal Tumors,C04.557.450.795.332,5
D018203,"Sarcoma, Endometrial Stromal",C04.557.450.795.332.500,6
D005354,Fibrosarcoma,C04.557.450.795.350,5
D018223,Dermatofibrosarcoma,C04.557.450.795.350.320,6
D018319,Neurofibrosarcoma,C04.557.450.795.350.590,6
D006394,Hemangiosarcoma,C04.557.450.795.390,5
D051677,"Histiocytoma, Malignant Fibrous",C04.557.450.795.400,5
D007890,Leiomyosarcoma,C04.557.450.795.455,5
D008080,Liposarcoma,C04.557.450.795.465,5
D018208,"Liposarcoma, Myxoid",C04.557.450.795.465.425,6
D008204,Lymphangiosarcoma,C04.557.450.795.480,5
D018199,"Mixed Tumor, Mesodermal",C04.557.450.795.530,5
D009217,Myosarcoma,C04.557.450.795.550,5
D012208,Rhabdomyosarcoma,C04.557.450.795.550.660,6
D018232,"Rhabdomyosarcoma, Alveolar",C04.557.450.795.550.660.665,7
D018233,"Rhabdomyosarcoma, Embryonal",C04.557.450.795.550.660.675,7
D009236,Myxosarcoma,C04.557.450.795.560,5
D012516,Osteosarcoma,C04.557.450.795.620,5
D018217,"Osteosarcoma, Juxtacortical",C04.557.450.795.620.655,6
D012512,"Sarcoma, Ewing",C04.557.450.795.620.800,6
D003557,Phyllodes Tumor,C04.557.450.795.650,5
D018234,"Sarcoma, Alveolar Soft Part",C04.557.450.795.775,5
D018227,"Sarcoma, Clear Cell",C04.557.450.795.800,5
D012513,"Sarcoma, Experimental",C04.557.450.795.830,5
D012511,Sarcoma 37,C04.557.450.795.830.760,6
D012510,Sarcoma 180,C04.557.450.795.830.780,6
D001357,"Sarcoma, Avian",C04.557.450.795.830.800,6
D012517,"Sarcoma, Yoshida",C04.557.450.795.830.850,6
D012514,"Sarcoma, Kaposi",C04.557.450.795.850,5
D023981,"Sarcoma, Myeloid",C04.557.450.795.853,5
D018228,"Sarcoma, Small Cell",C04.557.450.795.870,5
D013584,"Sarcoma, Synovial",C04.557.450.795.875,5
D009373,"Neoplasms, Germ Cell and Embryonal",C04.557.465,3
D018236,"Carcinoma, Embryonal",C04.557.465.200,4
D002817,Chordoma,C04.557.465.220,4
D018237,Germinoma,C04.557.465.330,4
D004407,Dysgerminoma,C04.557.465.330.300,5
D018239,Seminoma,C04.557.465.330.800,5
D018238,Gonadoblastoma,C04.557.465.420,4
D008649,Mesonephroma,C04.557.465.510,4
D018240,Endodermal Sinus Tumor,C04.557.465.510.350,5
D017599,Neuroectodermal Tumors,C04.557.465.625,4
D003397,Craniopharyngioma,C04.557.465.625.200,5
D018302,"Neoplasms, Neuroepithelial",C04.557.465.625.600,5
D005729,Ganglioneuroma,C04.557.465.625.600.355,6
D005910,Glioma,C04.557.465.625.600.380,6
D001254,Astrocytoma,C04.557.465.625.600.380.080,7
D005909,Glioblastoma,C04.557.465.625.600.380.080.335,8
D000080443,Diffuse Intrinsic Pontine Glioma,C04.557.465.625.600.380.185,7
D004806,Ependymoma,C04.557.465.625.600.380.290,7
D018315,"Glioma, Subependymal",C04.557.465.625.600.380.290.390,8
D018303,Ganglioglioma,C04.557.465.625.600.380.350,7
D018316,Gliosarcoma,C04.557.465.625.600.380.400,7
D008527,Medulloblastoma,C04.557.465.625.600.380.515,7
D009837,Oligodendroglioma,C04.557.465.625.600.380.590,7
D020339,Optic Nerve Glioma,C04.557.465.625.600.380.795,7
D018306,Neurocytoma,C04.557.465.625.600.580,6
D018242,"Neuroectodermal Tumors, Primitive",C04.557.465.625.600.590,6
D008527,Medulloblastoma,C04.557.465.625.600.590.500,7
D018241,"Neuroectodermal Tumors, Primitive, Peripheral",C04.557.465.625.600.590.650,7
D009447,Neuroblastoma,C04.557.465.625.600.590.650.550,8
D018304,"Esthesioneuroblastoma, Olfactory",C04.557.465.625.600.590.650.550.150,9
D018305,Ganglioneuroblastoma,C04.557.465.625.600.590.650.550.300,9
D010871,Pinealoma,C04.557.465.625.600.657,6
D012175,Retinoblastoma,C04.557.465.625.600.725,6
D017600,"Neuroectodermal Tumor, Melanotic",C04.557.465.625.630,5
D018358,Neuroendocrine Tumors,C04.557.465.625.650,5
D000239,"Adenoma, Acidophil",C04.557.465.625.650.025,6
D000237,"Adenoma, Basophil",C04.557.465.625.650.075,6
D000238,"Adenoma, Chromophobe",C04.557.465.625.650.095,6
D001079,Apudoma,C04.557.465.625.650.135,6
D002276,Carcinoid Tumor,C04.557.465.625.650.200,6
D008303,Malignant Carcinoid Syndrome,C04.557.465.625.650.200.500,7
D002275,Carcinoid Heart Disease,C04.557.465.625.650.200.500.205,8
D018278,"Carcinoma, Neuroendocrine",C04.557.465.625.650.240,6
D018276,"Carcinoma, Medullary",C04.557.465.625.650.240.315,7
D015266,"Carcinoma, Merkel Cell",C04.557.465.625.650.240.325,7
D013005,Somatostatinoma,C04.557.465.625.650.240.695,7
D003969,Vipoma,C04.557.465.625.650.240.847,7
D008545,Melanoma,C04.557.465.625.650.510,6
D018327,Hutchinson's Melanotic Freckle,C04.557.465.625.650.510.385,7
D018328,"Melanoma, Amelanotic",C04.557.465.625.650.510.515,7
D000096142,"Melanoma, Cutaneous Malignant",C04.557.465.625.650.510.520,7
D008546,"Melanoma, Experimental",C04.557.465.625.650.510.525,7
D000098943,Uveal Melanoma,C04.557.465.625.650.510.762,7
D009442,Neurilemmoma,C04.557.465.625.650.595,6
D009464,"Neuroma, Acoustic",C04.557.465.625.650.595.610,7
D016518,Neurofibromatosis 2,C04.557.465.625.650.595.610.500,8
D010235,Paraganglioma,C04.557.465.625.650.700,6
D010236,"Paraganglioma, Extra-Adrenal",C04.557.465.625.650.700.705,7
D002345,Carotid Body Tumor,C04.557.465.625.650.700.705.220,8
D005925,Glomus Jugulare Tumor,C04.557.465.625.650.700.705.340,8
D043604,Glomus Tympanicum Tumor,C04.557.465.625.650.700.705.360,8
D010673,Pheochromocytoma,C04.557.465.625.650.700.725,7
D018243,Teratocarcinoma,C04.557.465.900,4
D013724,Teratoma,C04.557.465.910,4
D003884,Dermoid Cyst,C04.557.465.910.250,5
D013330,Struma Ovarii,C04.557.465.910.850,5
D014328,Trophoblastic Neoplasms,C04.557.465.955,4
D002822,Choriocarcinoma,C04.557.465.955.207,5
D031954,"Choriocarcinoma, Non-gestational",C04.557.465.955.207.438,6
D018245,"Trophoblastic Tumor, Placental Site",C04.557.465.955.207.875,6
D031901,Gestational Trophoblastic Disease,C04.557.465.955.416,5
D006828,Hydatidiform Mole,C04.557.465.955.416.812,6
D002820,"Hydatidiform Mole, Invasive",C04.557.465.955.416.812.500,7
D009375,"Neoplasms, Glandular and Epithelial",C04.557.470,3
D000236,Adenoma,C04.557.470.035,4
D049913,ACTH-Secreting Pituitary Adenoma,C04.557.470.035.012,5
D000239,"Adenoma, Acidophil",C04.557.470.035.025,5
D000237,"Adenoma, Basophil",C04.557.470.035.075,5
D002759,"Adenoma, Bile Duct",C04.557.470.035.085,5
D000238,"Adenoma, Chromophobe",C04.557.470.035.095,5
D007516,"Adenoma, Islet Cell",C04.557.470.035.100,5
D007340,Insulinoma,C04.557.470.035.100.852,6
D018248,"Adenoma, Liver Cell",C04.557.470.035.120,5
D018249,"Adenoma, Oxyphilic",C04.557.470.035.140,5
D008949,"Adenoma, Pleomorphic",C04.557.470.035.155,5
D006607,"Adenoma, Sweat Gland",C04.557.470.035.175,5
D018250,Acrospiroma,C04.557.470.035.175.125,6
D018251,Hidrocystoma,C04.557.470.035.175.375,6
D057091,Poroma,C04.557.470.035.175.588,6
D018252,Syringoma,C04.557.470.035.175.800,6
D000074009,Tubular Sweat Gland Adenomas,C04.557.470.035.175.900,6
D018253,"Adenoma, Villous",C04.557.470.035.185,5
D018254,Adenomatoid Tumor,C04.557.470.035.200,5
D018255,"Adenomatosis, Pulmonary",C04.557.470.035.210,5
D018256,Adenomatous Polyps,C04.557.470.035.215,5
D011125,Adenomatous Polyposis Coli,C04.557.470.035.215.100,6
D005736,Gardner Syndrome,C04.557.470.035.215.100.500,7
D000314,Adrenal Rest Tumor,C04.557.470.035.232,5
D001079,Apudoma,C04.557.470.035.250,5
D003537,Cystadenoma,C04.557.470.035.320,5
D018291,"Cystadenoma, Mucinous",C04.557.470.035.320.225,6
D018292,"Cystadenoma, Papillary",C04.557.470.035.320.230,6
D018293,"Cystadenoma, Serous",C04.557.470.035.320.240,6
D049912,Growth Hormone-Secreting Pituitary Adenoma,C04.557.470.035.415,5
D008654,Mesothelioma,C04.557.470.035.510,5
D018261,"Mesothelioma, Cystic",C04.557.470.035.510.515,6
D000086002,"Mesothelioma, Malignant",C04.557.470.035.510.757,6
D015175,Prolactinoma,C04.557.470.035.625,5
D002277,Carcinoma,C04.557.470.200,4
D000230,Adenocarcinoma,C04.557.470.200.025,5
D065311,Adenocarcinoma in Situ,C04.557.470.200.025.014,6
D000077192,Adenocarcinoma of Lung,C04.557.470.200.025.022,6
D002282,"Adenocarcinoma, Bronchiolo-Alveolar",C04.557.470.200.025.022.500,7
D018262,"Adenocarcinoma, Clear Cell",C04.557.470.200.025.045,6
D018263,"Adenocarcinoma, Follicular",C04.557.470.200.025.060,6
D018265,"Carcinoma, Papillary, Follicular",C04.557.470.200.025.060.225,7
D002288,"Adenocarcinoma, Mucinous",C04.557.470.200.025.075,6
D011553,Pseudomyxoma Peritonei,C04.557.470.200.025.075.500,7
D000231,"Adenocarcinoma, Papillary",C04.557.470.200.025.085,6
D018265,"Carcinoma, Papillary, Follicular",C04.557.470.200.025.085.225,7
D000077273,"Thyroid Cancer, Papillary",C04.557.470.200.025.085.612,7
D002293,"Adenocarcinoma, Scirrhous",C04.557.470.200.025.095,6
D008039,Linitis Plastica,C04.557.470.200.025.095.410,7
D018266,"Adenocarcinoma, Sebaceous",C04.557.470.200.025.105,6
D018268,Adrenocortical Carcinoma,C04.557.470.200.025.152,6
D002276,Carcinoid Tumor,C04.557.470.200.025.200,6
D008303,Malignant Carcinoid Syndrome,C04.557.470.200.025.200.500,7
D002275,Carcinoid Heart Disease,C04.557.470.200.025.200.500.205,8
D018267,"Carcinoma, Acinar Cell",C04.557.470.200.025.215,6
D003528,"Carcinoma, Adenoid Cystic",C04.557.470.200.025.220,6
D044584,"Carcinoma, Ductal",C04.557.470.200.025.232,6
D018270,"Carcinoma, Ductal, Breast",C04.557.470.200.025.232.500,7
D021441,"Carcinoma, Pancreatic Ductal",C04.557.470.200.025.232.750,7
D018269,"Carcinoma, Endometrioid",C04.557.470.200.025.240,6
D006528,"Carcinoma, Hepatocellular",C04.557.470.200.025.255,6
D002285,"Carcinoma, Intraductal, Noninfiltrating",C04.557.470.200.025.275,6
D018273,"Carcinoma, Islet Cell",C04.557.470.200.025.290,6
D015408,Gastrinoma,C04.557.470.200.025.290.500,7
D005935,Glucagonoma,C04.557.470.200.025.290.750,7
D018275,"Carcinoma, Lobular",C04.557.470.200.025.305,6
D018277,"Carcinoma, Mucoepidermoid",C04.557.470.200.025.340,6
D018278,"Carcinoma, Neuroendocrine",C04.557.470.200.025.370,6
D018276,"Carcinoma, Medullary",C04.557.470.200.025.370.315,7
D015266,"Carcinoma, Merkel Cell",C04.557.470.200.025.370.325,7
D013005,Somatostatinoma,C04.557.470.200.025.370.695,7
D003969,Vipoma,C04.557.470.200.025.370.847,7
D002292,"Carcinoma, Renal Cell",C04.557.470.200.025.390,6
D018279,"Carcinoma, Signet Ring Cell",C04.557.470.200.025.415,6
D007725,Krukenberg Tumor,C04.557.470.200.025.415.410,7
D018280,"Carcinoma, Skin Appendage",C04.557.470.200.025.420,6
D018281,Cholangiocarcinoma,C04.557.470.200.025.450,6
D018285,Klatskin Tumor,C04.557.470.200.025.450.500,7
D002822,Choriocarcinoma,C04.557.470.200.025.455,6
D031954,"Choriocarcinoma, Non-gestational",C04.557.470.200.025.455.750,7
D018245,"Trophoblastic Tumor, Placental Site",C04.557.470.200.025.455.875,7
D003536,Cystadenocarcinoma,C04.557.470.200.025.480,6
D018282,"Cystadenocarcinoma, Mucinous",C04.557.470.200.025.480.225,7
D018283,"Cystadenocarcinoma, Papillary",C04.557.470.200.025.480.230,7
D018284,"Cystadenocarcinoma, Serous",C04.557.470.200.025.480.240,7
D057090,Eccrine Porocarcinoma,C04.557.470.200.025.500,6
D010145,"Paget Disease, Extramammary",C04.557.470.200.025.660,6
D011648,"Pulmonary Adenomatosis, Ovine",C04.557.470.200.025.715,6
D018196,"Carcinoma, Adenosquamous",C04.557.470.200.150,5
D002280,"Carcinoma, Basal Cell",C04.557.470.200.165,5
D001478,Basal Cell Nevus Syndrome,C04.557.470.200.165.150,6
D002281,"Carcinoma, Basosquamous",C04.557.470.200.170,5
D002286,"Carcinoma, Ehrlich Tumor",C04.557.470.200.200,5
D018286,"Carcinoma, Giant Cell",C04.557.470.200.220,5
D002278,Carcinoma in Situ,C04.557.470.200.240,5
D065311,Adenocarcinoma in Situ,C04.557.470.200.240.124,6
D000071960,Breast Carcinoma In Situ,C04.557.470.200.240.187,6
D002285,"Carcinoma, Intraductal, Noninfiltrating",C04.557.470.200.240.187.250,7
D010144,"Paget's Disease, Mammary",C04.557.470.200.240.187.500,7
D019048,Prostatic Intraepithelial Neoplasia,C04.557.470.200.240.500,6
D002287,"Carcinoma, Krebs 2",C04.557.470.200.255,5
D018287,"Carcinoma, Large Cell",C04.557.470.200.260,5
D018827,"Carcinoma, Lewis Lung",C04.557.470.200.280,5
D000077216,"Carcinoma, Ovarian Epithelial",C04.557.470.200.295,5
D002291,"Carcinoma, Papillary",C04.557.470.200.360,5
D018288,"Carcinoma, Small Cell",C04.557.470.200.380,5
D002294,"Carcinoma, Squamous Cell",C04.557.470.200.400,5
D001913,Bowen's Disease,C04.557.470.200.400.130,6
D000077277,Esophageal Squamous Cell Carcinoma,C04.557.470.200.400.330,6
D000077195,Squamous Cell Carcinoma of Head and Neck,C04.557.470.200.400.565,6
D002295,"Carcinoma, Transitional Cell",C04.557.470.200.430,5
D018289,"Carcinoma, Verrucous",C04.557.470.200.450,5
D062688,Buschke-Lowenstein Tumor,C04.557.470.200.450.500,6
D000069295,Mammary Analogue Secretory Carcinoma,C04.557.470.200.588,5
D000077274,Nasopharyngeal Carcinoma,C04.557.470.200.623,5
D000093284,Non-Muscle Invasive Bladder Neoplasms,C04.557.470.200.674,5
D065646,"Thyroid Carcinoma, Anaplastic",C04.557.470.200.725,5
D018294,"Neoplasms, Adnexal and Skin Appendage",C04.557.470.550,4
D018266,"Adenocarcinoma, Sebaceous",C04.557.470.550.105,5
D006607,"Adenoma, Sweat Gland",C04.557.470.550.175,5
D018250,Acrospiroma,C04.557.470.550.175.125,6
D018251,Hidrocystoma,C04.557.470.550.175.375,6
D057091,Poroma,C04.557.470.550.175.588,6
D018252,Syringoma,C04.557.470.550.175.800,6
D000074009,Tubular Sweat Gland Adenomas,C04.557.470.550.175.900,6
D018280,"Carcinoma, Skin Appendage",C04.557.470.550.420,5
D018295,"Neoplasms, Basal Cell",C04.557.470.565,4
D002280,"Carcinoma, Basal Cell",C04.557.470.565.165,5
D001478,Basal Cell Nevus Syndrome,C04.557.470.565.165.150,6
D002281,"Carcinoma, Basosquamous",C04.557.470.565.170,5
D018296,Pilomatrixoma,C04.557.470.565.625,5
D018297,"Neoplasms, Cystic, Mucinous, and Serous",C04.557.470.590,4
D002288,"Adenocarcinoma, Mucinous",C04.557.470.590.075,5
D011553,Pseudomyxoma Peritonei,C04.557.470.590.075.500,6
D018277,"Carcinoma, Mucoepidermoid",C04.557.470.590.340,5
D018279,"Carcinoma, Signet Ring Cell",C04.557.470.590.415,5
D007725,Krukenberg Tumor,C04.557.470.590.415.410,6
D003536,Cystadenocarcinoma,C04.557.470.590.480,5
D018282,"Cystadenocarcinoma, Mucinous",C04.557.470.590.480.225,6
D018283,"Cystadenocarcinoma, Papillary",C04.557.470.590.480.230,6
D018284,"Cystadenocarcinoma, Serous",C04.557.470.590.480.240,6
D062625,Cystadenofibroma,C04.557.470.590.482,5
D003537,Cystadenoma,C04.557.470.590.485,5
D018291,"Cystadenoma, Mucinous",C04.557.470.590.485.225,6
D018292,"Cystadenoma, Papillary",C04.557.470.590.485.230,6
D018293,"Cystadenoma, Serous",C04.557.470.590.485.240,6
D018298,Mucoepidermoid Tumor,C04.557.470.590.580,5
D018299,"Neoplasms, Ductal, Lobular, and Medullary",C04.557.470.615,4
D044584,"Carcinoma, Ductal",C04.557.470.615.132,5
D018270,"Carcinoma, Ductal, Breast",C04.557.470.615.132.500,6
D021441,"Carcinoma, Pancreatic Ductal",C04.557.470.615.132.750,6
D002285,"Carcinoma, Intraductal, Noninfiltrating",C04.557.470.615.275,5
D010144,"Paget's Disease, Mammary",C04.557.470.615.275.625,6
D018275,"Carcinoma, Lobular",C04.557.470.615.305,5
D018276,"Carcinoma, Medullary",C04.557.470.615.315,5
D010145,"Paget Disease, Extramammary",C04.557.470.615.660,5
D000077779,Pancreatic Intraductal Neoplasms,C04.557.470.615.665,5
D018300,"Papilloma, Intraductal",C04.557.470.615.670,5
D018225,"Neoplasms, Fibroepithelial",C04.557.470.625,4
D000232,Adenofibroma,C04.557.470.625.050,5
D062625,Cystadenofibroma,C04.557.470.625.050.500,6
D001948,Brenner Tumor,C04.557.470.625.150,5
D018226,Fibroadenoma,C04.557.470.625.350,5
D018301,"Neoplasms, Mesothelial",C04.557.470.660,4
D018254,Adenomatoid Tumor,C04.557.470.660.200,5
D008654,Mesothelioma,C04.557.470.660.510,5
D018261,"Mesothelioma, Cystic",C04.557.470.660.510.515,6
D000086002,"Mesothelioma, Malignant",C04.557.470.660.510.757,6
D018302,"Neoplasms, Neuroepithelial",C04.557.470.670,4
D005729,Ganglioneuroma,C04.557.470.670.355,5
D005910,Glioma,C04.557.470.670.380,5
D001254,Astrocytoma,C04.557.470.670.380.080,6
D005909,Glioblastoma,C04.557.470.670.380.080.335,7
D000080443,Diffuse Intrinsic Pontine Glioma,C04.557.470.670.380.185,6
D004806,Ependymoma,C04.557.470.670.380.290,6
D018315,"Glioma, Subependymal",C04.557.470.670.380.290.390,7
D018303,Ganglioglioma,C04.557.470.670.380.350,6
D018316,Gliosarcoma,C04.557.470.670.380.400,6
D008527,Medulloblastoma,C04.557.470.670.380.515,6
D009837,Oligodendroglioma,C04.557.470.670.380.590,6
D020339,Optic Nerve Glioma,C04.557.470.670.380.795,6
D018306,Neurocytoma,C04.557.470.670.580,5
D018242,"Neuroectodermal Tumors, Primitive",C04.557.470.670.590,5
D008527,Medulloblastoma,C04.557.470.670.590.500,6
D018241,"Neuroectodermal Tumors, Primitive, Peripheral",C04.557.470.670.590.650,6
D009447,Neuroblastoma,C04.557.470.670.590.650.550,7
D018304,"Esthesioneuroblastoma, Olfactory",C04.557.470.670.590.650.550.150,8
D018305,Ganglioneuroblastoma,C04.557.470.670.590.650.550.300,8
D010871,Pinealoma,C04.557.470.670.657,5
D012175,Retinoblastoma,C04.557.470.670.725,5
D018307,"Neoplasms, Squamous Cell",C04.557.470.700,4
D049309,Acanthoma,C04.557.470.700.040,5
D002291,"Carcinoma, Papillary",C04.557.470.700.360,5
D002294,"Carcinoma, Squamous Cell",C04.557.470.700.400,5
D001913,Bowen's Disease,C04.557.470.700.400.130,6
D000077277,Esophageal Squamous Cell Carcinoma,C04.557.470.700.400.565,6
D018289,"Carcinoma, Verrucous",C04.557.470.700.450,5
D062688,Buschke-Lowenstein Tumor,C04.557.470.700.450.500,6
D010212,Papilloma,C04.557.470.700.600,5
D018308,"Papilloma, Inverted",C04.557.470.700.600.610,6
D018309,"Neoplasms, Gonadal Tissue",C04.557.475,3
D018238,Gonadoblastoma,C04.557.475.395,4
D018312,Sex Cord-Gonadal Stromal Tumors,C04.557.475.750,4
D006106,Granulosa Cell Tumor,C04.557.475.750.656,5
D018311,Luteoma,C04.557.475.750.751,5
D018310,Sertoli-Leydig Cell Tumor,C04.557.475.750.847,5
D007984,Leydig Cell Tumor,C04.557.475.750.847.249,6
D012707,Sertoli Cell Tumor,C04.557.475.750.847.500,6
D013798,Thecoma,C04.557.475.750.875,5
D009380,"Neoplasms, Nerve Tissue",C04.557.580,3
D008579,Meningioma,C04.557.580.520,4
D018317,Nerve Sheath Neoplasms,C04.557.580.600,4
D009455,Neurofibroma,C04.557.580.600.580,5
D018318,"Neurofibroma, Plexiform",C04.557.580.600.580.585,6
D017253,Neurofibromatoses,C04.557.580.600.580.590,6
D009456,Neurofibromatosis 1,C04.557.580.600.580.590.650,7
D016518,Neurofibromatosis 2,C04.557.580.600.580.590.655,7
D018319,Neurofibrosarcoma,C04.557.580.600.580.795,6
D009463,Neuroma,C04.557.580.600.610,5
D009442,Neurilemmoma,C04.557.580.600.610.595,6
D009464,"Neuroma, Acoustic",C04.557.580.600.610.595.610,7
D016518,Neurofibromatosis 2,C04.557.580.600.610.595.610.500,8
D018321,Neurothekeoma,C04.557.580.600.625,5
D017599,Neuroectodermal Tumors,C04.557.580.625,4
D003397,Craniopharyngioma,C04.557.580.625.200,5
D018302,"Neoplasms, Neuroepithelial",C04.557.580.625.600,5
D005729,Ganglioneuroma,C04.557.580.625.600.355,6
D005910,Glioma,C04.557.580.625.600.380,6
D001254,Astrocytoma,C04.557.580.625.600.380.080,7
D005909,Glioblastoma,C04.557.580.625.600.380.080.335,8
D000080443,Diffuse Intrinsic Pontine Glioma,C04.557.580.625.600.380.185,7
D004806,Ependymoma,C04.557.580.625.600.380.290,7
D018315,"Glioma, Subependymal",C04.557.580.625.600.380.290.390,8
D018303,Ganglioglioma,C04.557.580.625.600.380.350,7
D018316,Gliosarcoma,C04.557.580.625.600.380.400,7
D008527,Medulloblastoma,C04.557.580.625.600.380.515,7
D009837,Oligodendroglioma,C04.557.580.625.600.380.590,7
D020339,Optic Nerve Glioma,C04.557.580.625.600.380.795,7
D018306,Neurocytoma,C04.557.580.625.600.580,6
D018242,"Neuroectodermal Tumors, Primitive",C04.557.580.625.600.590,6
D008527,Medulloblastoma,C04.557.580.625.600.590.500,7
D018241,"Neuroectodermal Tumors, Primitive, Peripheral",C04.557.580.625.600.590.650,7
D009447,Neuroblastoma,C04.557.580.625.600.590.650.550,8
D018304,"Esthesioneuroblastoma, Olfactory",C04.557.580.625.600.590.650.550.150,9
D018305,Ganglioneuroblastoma,C04.557.580.625.600.590.650.550.300,9
D010871,Pinealoma,C04.557.580.625.600.657,6
D012175,Retinoblastoma,C04.557.580.625.600.725,6
D017600,"Neuroectodermal Tumor, Melanotic",C04.557.580.625.630,5
D018358,Neuroendocrine Tumors,C04.557.580.625.650,5
D000239,"Adenoma, Acidophil",C04.557.580.625.650.025,6
D000237,"Adenoma, Basophil",C04.557.580.625.650.075,6
D000238,"Adenoma, Chromophobe",C04.557.580.625.650.095,6
D001079,Apudoma,C04.557.580.625.650.135,6
D002276,Carcinoid Tumor,C04.557.580.625.650.200,6
D008303,Malignant Carcinoid Syndrome,C04.557.580.625.650.200.500,7
D002275,Carcinoid Heart Disease,C04.557.580.625.650.200.500.205,8
D018278,"Carcinoma, Neuroendocrine",C04.557.580.625.650.240,6
D018276,"Carcinoma, Medullary",C04.557.580.625.650.240.315,7
D015266,"Carcinoma, Merkel Cell",C04.557.580.625.650.240.325,7
D008545,Melanoma,C04.557.580.625.650.510,6
D018327,Hutchinson's Melanotic Freckle,C04.557.580.625.650.510.385,7
D018328,"Melanoma, Amelanotic",C04.557.580.625.650.510.515,7
D000096142,"Melanoma, Cutaneous Malignant",C04.557.580.625.650.510.520,7
D008546,"Melanoma, Experimental",C04.557.580.625.650.510.525,7
D000098943,Uveal Melanoma,C04.557.580.625.650.510.762,7
D009442,Neurilemmoma,C04.557.580.625.650.595,6
D009464,"Neuroma, Acoustic",C04.557.580.625.650.595.610,7
D010235,Paraganglioma,C04.557.580.625.650.700,6
D010236,"Paraganglioma, Extra-Adrenal",C04.557.580.625.650.700.705,7
D002345,Carotid Body Tumor,C04.557.580.625.650.700.705.220,8
D005925,Glomus Jugulare Tumor,C04.557.580.625.650.700.705.340,8
D043604,Glomus Tympanicum Tumor,C04.557.580.625.650.700.705.360,8
D010673,Pheochromocytoma,C04.557.580.625.650.700.725,7
D054219,"Neoplasms, Plasma Cell",C04.557.595,3
D000075363,Immunoglobulin Light-chain Amyloidosis,C04.557.595.250,4
D009101,Multiple Myeloma,C04.557.595.500,4
D007952,"Leukemia, Plasma Cell",C04.557.595.500.500,5
D010954,Plasmacytoma,C04.557.595.600,4
D008258,Waldenstrom Macroglobulinemia,C04.557.595.925,4
D009383,"Neoplasms, Vascular Tissue",C04.557.645,3
D018322,Angiofibroma,C04.557.645.100,4
D000794,Angiokeratoma,C04.557.645.115,4
D005918,Glomus Tumor,C04.557.645.350,4
D006391,Hemangioma,C04.557.645.375,4
D020787,Central Nervous System Venous Angioma,C04.557.645.375.185,5
D006390,Hemangioendothelioma,C04.557.645.375.370,5
D018323,"Hemangioendothelioma, Epithelioid",C04.557.645.375.370.380,6
D018324,"Hemangioma, Capillary",C04.557.645.375.380,5
D018325,Hemangioblastoma,C04.557.645.375.380.370,6
D006392,"Hemangioma, Cavernous",C04.557.645.375.385,5
D020786,"Hemangioma, Cavernous, Central Nervous System",C04.557.645.375.385.500,6
D059885,Kasabach-Merritt Syndrome,C04.557.645.375.617,5
D013341,Sturge-Weber Syndrome,C04.557.645.375.850,5
D006393,Hemangiopericytoma,C04.557.645.380,4
D000077777,Myopericytoma,C04.557.645.380.500,5
D006394,Hemangiosarcoma,C04.557.645.390,4
D008579,Meningioma,C04.557.645.520,4
D012514,"Sarcoma, Kaposi",C04.557.645.750,4
D018326,Nevi and Melanomas,C04.557.665,3
D008545,Melanoma,C04.557.665.510,4
D018327,Hutchinson's Melanotic Freckle,C04.557.665.510.385,5
D018328,"Melanoma, Amelanotic",C04.557.665.510.515,5
D000096142,"Melanoma, Cutaneous Malignant",C04.557.665.510.520,5
D008546,"Melanoma, Experimental",C04.557.665.510.525,5
D000098943,Uveal Melanoma,C04.557.665.510.762,5
D009506,Nevus,C04.557.665.560,4
D004416,Dysplastic Nevus Syndrome,C04.557.665.560.260,5
D055882,"Nevus, Halo",C04.557.665.560.580,5
D018330,"Nevus, Intradermal",C04.557.665.560.590,5
D009508,"Nevus, Pigmented",C04.557.665.560.615,5
D049328,Mongolian Spot,C04.557.665.560.615.530,6
D018329,"Nevus, Blue",C04.557.665.560.615.550,6
D009507,Nevus of Ota,C04.557.665.560.615.585,6
D018331,"Nevus, Spindle Cell",C04.557.665.560.615.625,6
D018332,"Nevus, Epithelioid and Spindle Cell",C04.557.665.560.615.625.585,7
D054000,"Nevus, Sebaceous of Jadassohn",C04.557.665.560.700,5
D009808,Odontogenic Tumors,C04.557.695,3
D000564,Ameloblastoma,C04.557.695.065,4
D002485,Cementoma,C04.557.695.210,4
D018333,"Odontogenic Cyst, Calcifying",C04.557.695.605,4
D051527,"Odontogenic Tumor, Squamous",C04.557.695.607,4
D009810,Odontoma,C04.557.695.610,4
D009371,Neoplasms by Site,C04.588,2
D000008,Abdominal Neoplasms,C04.588.033,3
D010534,Peritoneal Neoplasms,C04.588.033.513,4
D012186,Retroperitoneal Neoplasms,C04.588.033.731,4
D058288,Sister Mary Joseph's Nodule,C04.588.033.740,4
D000694,Anal Gland Neoplasms,C04.588.083,3
D001859,Bone Neoplasms,C04.588.149,3
D050398,Adamantinoma,C04.588.149.030,4
D005266,Femoral Neoplasms,C04.588.149.276,4
D012888,Skull Neoplasms,C04.588.149.721,4
D007573,Jaw Neoplasms,C04.588.149.721.450,5
D008339,Mandibular Neoplasms,C04.588.149.721.450.583,6
D008441,Maxillary Neoplasms,C04.588.149.721.450.601,6
D010157,Palatal Neoplasms,C04.588.149.721.450.692,6
D009669,Nose Neoplasms,C04.588.149.721.600,5
D009918,Orbital Neoplasms,C04.588.149.721.656,5
D019292,Skull Base Neoplasms,C04.588.149.721.828,5
D013125,Spinal Neoplasms,C04.588.149.828,4
D001943,Breast Neoplasms,C04.588.180,3
D000071960,Breast Carcinoma In Situ,C04.588.180.130,4
D018567,"Breast Neoplasms, Male",C04.588.180.260,4
D018270,"Carcinoma, Ductal, Breast",C04.588.180.390,4
D018275,"Carcinoma, Lobular",C04.588.180.437,4
D061325,Hereditary Breast and Ovarian Cancer Syndrome,C04.588.180.483,4
D058922,Inflammatory Breast Neoplasms,C04.588.180.576,4
D064726,Triple Negative Breast Neoplasms,C04.588.180.788,4
D000069584,Unilateral Breast Neoplasms,C04.588.180.800,4
D004067,Digestive System Neoplasms,C04.588.274,3
D001661,Biliary Tract Neoplasms,C04.588.274.120,4
D001650,Bile Duct Neoplasms,C04.588.274.120.250,5
D003138,Common Bile Duct Neoplasms,C04.588.274.120.250.250,6
D005706,Gallbladder Neoplasms,C04.588.274.120.401,5
D005770,Gastrointestinal Neoplasms,C04.588.274.476,4
D004938,Esophageal Neoplasms,C04.588.274.476.205,5
D000077277,Esophageal Squamous Cell Carcinoma,C04.588.274.476.205.500,6
D007414,Intestinal Neoplasms,C04.588.274.476.411,5
D002430,Cecal Neoplasms,C04.588.274.476.411.184,6
D001063,Appendiceal Neoplasms,C04.588.274.476.411.184.290,7
D015179,Colorectal Neoplasms,C04.588.274.476.411.307,6
D011125,Adenomatous Polyposis Coli,C04.588.274.476.411.307.089,7
D005736,Gardner Syndrome,C04.588.274.476.411.307.089.393,8
D003110,Colonic Neoplasms,C04.588.274.476.411.307.180,7
D000083023,Colitis-Associated Neoplasms,C04.588.274.476.411.307.180.400,8
D012811,Sigmoid Neoplasms,C04.588.274.476.411.307.180.800,8
D003123,"Colorectal Neoplasms, Hereditary Nonpolyposis",C04.588.274.476.411.307.190,7
D012004,Rectal Neoplasms,C04.588.274.476.411.307.790,7
D001005,Anus Neoplasms,C04.588.274.476.411.307.790.040,8
D000694,Anal Gland Neoplasms,C04.588.274.476.411.307.790.040.040,9
D004379,Duodenal Neoplasms,C04.588.274.476.411.445,6
D007078,Ileal Neoplasms,C04.588.274.476.411.501,6
D007580,Jejunal Neoplasms,C04.588.274.476.411.523,6
D013274,Stomach Neoplasms,C04.588.274.476.767,5
D008113,Liver Neoplasms,C04.588.274.623,4
D018248,"Adenoma, Liver Cell",C04.588.274.623.040,5
D006528,"Carcinoma, Hepatocellular",C04.588.274.623.160,5
D008114,"Liver Neoplasms, Experimental",C04.588.274.623.460,5
D010190,Pancreatic Neoplasms,C04.588.274.761,4
D007516,"Adenoma, Islet Cell",C04.588.274.761.249,5
D007340,Insulinoma,C04.588.274.761.249.500,6
D018273,"Carcinoma, Islet Cell",C04.588.274.761.500,5
D015408,Gastrinoma,C04.588.274.761.500.124,6
D005935,Glucagonoma,C04.588.274.761.500.249,6
D013005,Somatostatinoma,C04.588.274.761.500.500,6
D003969,Vipoma,C04.588.274.761.500.750,6
D021441,"Carcinoma, Pancreatic Ductal",C04.588.274.761.750,5
D000077779,Pancreatic Intraductal Neoplasms,C04.588.274.761.875,5
D010534,Peritoneal Neoplasms,C04.588.274.780,4
D004701,Endocrine Gland Neoplasms,C04.588.322,3
D000310,Adrenal Gland Neoplasms,C04.588.322.078,4
D000306,Adrenal Cortex Neoplasms,C04.588.322.078.265,5
D018246,Adrenocortical Adenoma,C04.588.322.078.265.500,6
D018268,Adrenocortical Carcinoma,C04.588.322.078.265.750,6
D009377,Multiple Endocrine Neoplasia,C04.588.322.400,4
D018761,Multiple Endocrine Neoplasia Type 1,C04.588.322.400.500,5
D018813,Multiple Endocrine Neoplasia Type 2a,C04.588.322.400.505,5
D018814,Multiple Endocrine Neoplasia Type 2b,C04.588.322.400.510,5
D010051,Ovarian Neoplasms,C04.588.322.455,4
D000077216,"Carcinoma, Ovarian Epithelial",C04.588.322.455.199,5
D006106,Granulosa Cell Tumor,C04.588.322.455.398,5
D061325,Hereditary Breast and Ovarian Cancer Syndrome,C04.588.322.455.431,5
D018311,Luteoma,C04.588.322.455.464,5
D008539,Meigs Syndrome,C04.588.322.455.531,5
D018310,Sertoli-Leydig Cell Tumor,C04.588.322.455.648,5
D013798,Thecoma,C04.588.322.455.765,5
D010190,Pancreatic Neoplasms,C04.588.322.475,4
D007516,"Adenoma, Islet Cell",C04.588.322.475.249,5
D007340,Insulinoma,C04.588.322.475.249.500,6
D018273,"Carcinoma, Islet Cell",C04.588.322.475.500,5
D015408,Gastrinoma,C04.588.322.475.500.124,6
D005935,Glucagonoma,C04.588.322.475.500.249,6
D013005,Somatostatinoma,C04.588.322.475.500.500,6
D003969,Vipoma,C04.588.322.475.500.750,6
D021441,"Carcinoma, Pancreatic Ductal",C04.588.322.475.750,5
D000077779,Pancreatic Intraductal Neoplasms,C04.588.322.475.875,5
D009384,Paraneoplastic Endocrine Syndromes,C04.588.322.490,4
D010282,Parathyroid Neoplasms,C04.588.322.525,4
D010911,Pituitary Neoplasms,C04.588.322.609,4
D049913,ACTH-Secreting Pituitary Adenoma,C04.588.322.609.145,5
D009347,Nelson Syndrome,C04.588.322.609.145.500,6
D049912,Growth Hormone-Secreting Pituitary Adenoma,C04.588.322.609.292,5
D015175,Prolactinoma,C04.588.322.609.792,5
D013736,Testicular Neoplasms,C04.588.322.762,4
D018310,Sertoli-Leydig Cell Tumor,C04.588.322.762.500,5
D007984,Leydig Cell Tumor,C04.588.322.762.500.249,6
D012707,Sertoli Cell Tumor,C04.588.322.762.500.500,6
D013964,Thyroid Neoplasms,C04.588.322.894,4
D000077273,"Thyroid Cancer, Papillary",C04.588.322.894.400,5
D016606,Thyroid Nodule,C04.588.322.894.800,5
D005134,Eye Neoplasms,C04.588.364,3
D003230,Conjunctival Neoplasms,C04.588.364.235,4
D064090,Intraocular Lymphoma,C04.588.364.447,4
D009918,Orbital Neoplasms,C04.588.364.659,4
D059545,"Paraneoplastic Syndromes, Ocular",C04.588.364.738,4
D019572,Retinal Neoplasms,C04.588.364.818,4
D012175,Retinoblastoma,C04.588.364.818.760,5
D014604,Uveal Neoplasms,C04.588.364.978,4
D002830,Choroid Neoplasms,C04.588.364.978.223,5
D000098943,Uveal Melanoma,C04.588.364.978.312,5
D015811,Iris Neoplasms,C04.588.364.978.400,5
D006258,Head and Neck Neoplasms,C04.588.443,3
D000077195,Squamous Cell Carcinoma of Head and Neck,C04.588.443.177,4
D004938,Esophageal Neoplasms,C04.588.443.353,4
D000077277,Esophageal Squamous Cell Carcinoma,C04.588.443.353.500,5
D005153,Facial Neoplasms,C04.588.443.392,4
D005142,Eyelid Neoplasms,C04.588.443.392.500,5
D009062,Mouth Neoplasms,C04.588.443.591,4
D005887,Gingival Neoplasms,C04.588.443.591.402,5
D007972,"Leukoplakia, Oral",C04.588.443.591.545,5
D017733,"Leukoplakia, Hairy",C04.588.443.591.545.500,6
D008048,Lip Neoplasms,C04.588.443.591.550,5
D010157,Palatal Neoplasms,C04.588.443.591.692,5
D012468,Salivary Gland Neoplasms,C04.588.443.591.824,5
D010307,Parotid Neoplasms,C04.588.443.591.824.695,6
D013362,Sublingual Gland Neoplasms,C04.588.443.591.824.882,6
D013365,Submandibular Gland Neoplasms,C04.588.443.591.824.885,6
D014062,Tongue Neoplasms,C04.588.443.591.925,5
D010039,Otorhinolaryngologic Neoplasms,C04.588.443.665,4
D004428,Ear Neoplasms,C04.588.443.665.312,5
D007822,Laryngeal Neoplasms,C04.588.443.665.481,5
D009669,Nose Neoplasms,C04.588.443.665.650,5
D010255,Paranasal Sinus Neoplasms,C04.588.443.665.650.693,6
D008444,Maxillary Sinus Neoplasms,C04.588.443.665.650.693.575,7
D010610,Pharyngeal Neoplasms,C04.588.443.665.710,5
D007012,Hypopharyngeal Neoplasms,C04.588.443.665.710.485,6
D009303,Nasopharyngeal Neoplasms,C04.588.443.665.710.650,6
D000077274,Nasopharyngeal Carcinoma,C04.588.443.665.710.650.500,7
D009959,Oropharyngeal Neoplasms,C04.588.443.665.710.684,6
D014067,Tonsillar Neoplasms,C04.588.443.665.710.684.800,7
D010282,Parathyroid Neoplasms,C04.588.443.680,4
D013964,Thyroid Neoplasms,C04.588.443.915,4
D000077273,"Thyroid Cancer, Papillary",C04.588.443.915.400,5
D016606,Thyroid Nodule,C04.588.443.915.800,5
D014134,Tracheal Neoplasms,C04.588.443.925,4
D019337,Hematologic Neoplasms,C04.588.448,3
D000099067,Blastic Plasmacytoid Dendritic Cell Neoplasm,C04.588.448.001,4
D019046,Bone Marrow Neoplasms,C04.588.448.200,4
D011087,Polycythemia Vera,C04.588.448.200.500,5
D015674,"Mammary Neoplasms, Animal",C04.588.531,3
D008325,"Mammary Neoplasms, Experimental",C04.588.531.500,4
D009423,Nervous System Neoplasms,C04.588.614,3
D016543,Central Nervous System Neoplasms,C04.588.614.250,4
D001932,Brain Neoplasms,C04.588.614.250.195,5
D002551,Cerebral Ventricle Neoplasms,C04.588.614.250.195.205,6
D016545,Choroid Plexus Neoplasms,C04.588.614.250.195.205.200,7
D020288,"Papilloma, Choroid Plexus",C04.588.614.250.195.205.200.500,8
D015192,Infratentorial Neoplasms,C04.588.614.250.195.411,6
D020295,Brain Stem Neoplasms,C04.588.614.250.195.411.100,7
D000080443,Diffuse Intrinsic Pontine Glioma,C04.588.614.250.195.411.100.500,8
D002528,Cerebellar Neoplasms,C04.588.614.250.195.411.211,7
D018306,Neurocytoma,C04.588.614.250.195.648,6
D010871,Pinealoma,C04.588.614.250.195.766,6
D015173,Supratentorial Neoplasms,C04.588.614.250.195.885,6
D007029,Hypothalamic Neoplasms,C04.588.614.250.195.885.500,7
D054975,Pallister-Hall Syndrome,C04.588.614.250.195.885.500.299,8
D010911,Pituitary Neoplasms,C04.588.614.250.195.885.500.600,8
D020863,Central Nervous System Cysts,C04.588.614.250.387,5
D016080,Arachnoid Cysts,C04.588.614.250.387.100,6
D056364,Colloid Cysts,C04.588.614.250.387.200,6
D008577,Meningeal Neoplasms,C04.588.614.250.580,5
D055756,Meningeal Carcinomatosis,C04.588.614.250.580.150,6
D008579,Meningioma,C04.588.614.250.580.500,6
D013120,Spinal Cord Neoplasms,C04.588.614.250.803,5
D015174,Epidural Neoplasms,C04.588.614.250.803.342,6
D003390,Cranial Nerve Neoplasms,C04.588.614.300,4
D009464,"Neuroma, Acoustic",C04.588.614.300.015,5
D019574,Optic Nerve Neoplasms,C04.588.614.300.600,5
D020339,Optic Nerve Glioma,C04.588.614.300.600.600,6
D020361,"Paraneoplastic Syndromes, Nervous System",C04.588.614.550,4
D060426,Anti-N-Methyl-D-Aspartate Receptor Encephalitis,C04.588.614.550.112,5
D020363,Limbic Encephalitis,C04.588.614.550.450,5
D009157,Myasthenia Gravis,C04.588.614.550.500,5
D015624,Lambert-Eaton Myasthenic Syndrome,C04.588.614.550.500.225,6
D009188,"Myelitis, Transverse",C04.588.614.550.550,5
D053578,Opsoclonus-Myoclonus Syndrome,C04.588.614.550.600,5
D020362,Paraneoplastic Cerebellar Degeneration,C04.588.614.550.650,5
D020364,Paraneoplastic Polyneuropathy,C04.588.614.550.700,5
D010524,Peripheral Nervous System Neoplasms,C04.588.614.596,4
D003390,Cranial Nerve Neoplasms,C04.588.614.596.240,5
D009464,"Neuroma, Acoustic",C04.588.614.596.240.015,6
D019574,Optic Nerve Neoplasms,C04.588.614.596.240.240,6
D020339,Optic Nerve Glioma,C04.588.614.596.240.240.500,7
D010386,Pelvic Neoplasms,C04.588.699,3
D012878,Skin Neoplasms,C04.588.805,3
D049309,Acanthoma,C04.588.805.040,4
D000099067,Blastic Plasmacytoid Dendritic Cell Neoplasm,C04.588.805.175,4
D034701,"Mastocytosis, Cutaneous",C04.588.805.309,4
D054705,"Mastocytoma, Skin",C04.588.805.309.500,5
D014582,Urticaria Pigmentosa,C04.588.805.309.850,5
D008545,Melanoma,C04.588.805.377,4
D000096142,"Melanoma, Cutaneous Malignant",C04.588.805.444,4
D012626,Sebaceous Gland Neoplasms,C04.588.805.578,4
D055653,Muir-Torre Syndrome,C04.588.805.578.500,5
D013544,Sweat Gland Neoplasms,C04.588.805.776,4
D012983,Soft Tissue Neoplasms,C04.588.839,3
D019042,Muscle Neoplasms,C04.588.839.500,4
D019043,Vascular Neoplasms,C04.588.839.750,4
D013160,Splenic Neoplasms,C04.588.842,3
D013899,Thoracic Neoplasms,C04.588.894,3
D006338,Heart Neoplasms,C04.588.894.309,4
D000084122,Cardiac Papillary Fibroelastoma,C04.588.894.309.250,5
D056733,Carney Complex,C04.588.894.309.500,5
D008479,Mediastinal Neoplasms,C04.588.894.479,4
D012142,Respiratory Tract Neoplasms,C04.588.894.797,4
D008175,Lung Neoplasms,C04.588.894.797.520,5
D000077192,Adenocarcinoma of Lung,C04.588.894.797.520.055,6
D002282,"Adenocarcinoma, Bronchiolo-Alveolar",C04.588.894.797.520.055.500,7
D001984,Bronchial Neoplasms,C04.588.894.797.520.109,6
D002283,"Carcinoma, Bronchogenic",C04.588.894.797.520.109.220,7
D002289,"Carcinoma, Non-Small-Cell Lung",C04.588.894.797.520.109.220.249,8
D055752,Small Cell Lung Carcinoma,C04.588.894.797.520.109.220.624,8
D000086002,"Mesothelioma, Malignant",C04.588.894.797.520.173,6
D055613,Multiple Pulmonary Nodules,C04.588.894.797.520.237,6
D010178,Pancoast Syndrome,C04.588.894.797.520.734,6
D018202,Pulmonary Blastoma,C04.588.894.797.520.867,6
D047868,Pulmonary Sclerosing Hemangioma,C04.588.894.797.520.933,6
D010997,Pleural Neoplasms,C04.588.894.797.640,5
D000086002,"Mesothelioma, Malignant",C04.588.894.797.640.350,6
D016066,"Pleural Effusion, Malignant",C04.588.894.797.640.700,6
D054363,"Solitary Fibrous Tumor, Pleural",C04.588.894.797.640.800,6
D014134,Tracheal Neoplasms,C04.588.894.797.760,5
D013953,Thymus Neoplasms,C04.588.894.949,4
D013945,Thymoma,C04.588.894.949.500,5
D014565,Urogenital Neoplasms,C04.588.945,3
D005833,"Genital Neoplasms, Female",C04.588.945.418,4
D005185,Fallopian Tube Neoplasms,C04.588.945.418.365,5
D014594,Uterine Neoplasms,C04.588.945.418.948,5
D016889,Endometrial Neoplasms,C04.588.945.418.948.585,6
D018269,"Carcinoma, Endometrioid",C04.588.945.418.948.585.124,7
D002583,Uterine Cervical Neoplasms,C04.588.945.418.948.850,6
D014625,Vaginal Neoplasms,C04.588.945.418.955,5
D014846,Vulvar Neoplasms,C04.588.945.418.968,5
D005834,"Genital Neoplasms, Male",C04.588.945.440,4
D010412,Penile Neoplasms,C04.588.945.440.715,5
D011471,Prostatic Neoplasms,C04.588.945.440.770,5
D064129,"Prostatic Neoplasms, Castration-Resistant",C04.588.945.440.770.500,6
D013736,Testicular Neoplasms,C04.588.945.440.915,5
D018310,Sertoli-Leydig Cell Tumor,C04.588.945.440.915.500,6
D007984,Leydig Cell Tumor,C04.588.945.440.915.500.249,7
D012707,Sertoli Cell Tumor,C04.588.945.440.915.500.500,7
D014571,Urologic Neoplasms,C04.588.945.947,4
D007680,Kidney Neoplasms,C04.588.945.947.535,5
D002292,"Carcinoma, Renal Cell",C04.588.945.947.535.160,6
D009396,Wilms Tumor,C04.588.945.947.535.585,6
D030321,Denys-Drash Syndrome,C04.588.945.947.535.585.220,7
D017624,WAGR Syndrome,C04.588.945.947.535.585.950,7
D018201,"Nephroma, Mesoblastic",C04.588.945.947.535.790,6
D014516,Ureteral Neoplasms,C04.588.945.947.940,5
D014523,Urethral Neoplasms,C04.588.945.947.945,5
D001749,Urinary Bladder Neoplasms,C04.588.945.947.960,5
D000093284,Non-Muscle Invasive Bladder Neoplasms,C04.588.945.947.960.500,6
D014685,"Venereal Tumors, Veterinary",C04.588.945.956,4
D009374,"Neoplasms, Experimental",C04.619,2
D002279,"Carcinoma 256, Walker",C04.619.045,3
D002284,"Carcinoma, Brown-Pearce",C04.619.124,3
D002286,"Carcinoma, Ehrlich Tumor",C04.619.169,3
D002287,"Carcinoma, Krebs 2",C04.619.214,3
D018827,"Carcinoma, Lewis Lung",C04.619.230,3
D007942,"Leukemia, Experimental",C04.619.531,3
D001353,Avian Leukosis,C04.619.531.216,4
D007939,Leukemia L1210,C04.619.531.594,4
D007940,Leukemia L5178,C04.619.531.602,4
D007941,Leukemia P388,C04.619.531.782,4
D008114,"Liver Neoplasms, Experimental",C04.619.540,3
D008325,"Mammary Neoplasms, Experimental",C04.619.590,3
D008546,"Melanoma, Experimental",C04.619.600,3
D012513,"Sarcoma, Experimental",C04.619.857,3
D012511,Sarcoma 37,C04.619.857.573,4
D012510,Sarcoma 180,C04.619.857.656,4
D001357,"Sarcoma, Avian",C04.619.857.800,4
D012517,"Sarcoma, Yoshida",C04.619.857.822,4
D009376,"Neoplasms, Hormone-Dependent",C04.626,2
D009378,"Neoplasms, Multiple Primary",C04.651,2
D006223,"Hamartoma Syndrome, Multiple",C04.651.435,3
D016715,Proteus Syndrome,C04.651.435.500,4
D009377,Multiple Endocrine Neoplasia,C04.651.600,3
D018761,Multiple Endocrine Neoplasia Type 1,C04.651.600.500,4
D018813,Multiple Endocrine Neoplasia Type 2a,C04.651.600.505,4
D018814,Multiple Endocrine Neoplasia Type 2b,C04.651.600.510,4
D014402,Tuberous Sclerosis,C04.651.800,3
D017169,"Neoplasms, Post-Traumatic",C04.666,2
D009381,"Neoplasms, Radiation-Induced",C04.682,2
D007953,"Leukemia, Radiation-Induced",C04.682.512,3
D016609,"Neoplasms, Second Primary",C04.692,2
D009385,Neoplastic Processes,C04.697,2
D000708,Anaplasia,C04.697.045,3
D063646,Carcinogenesis,C04.697.098,3
D002471,"Cell Transformation, Neoplastic",C04.697.098.500,4
D001752,Blast Crisis,C04.697.098.500.110,5
D002472,"Cell Transformation, Viral",C04.697.098.500.160,5
D000082802,"Warburg Effect, Oncologic",C04.697.098.500.580,5
D003043,Cocarcinogenesis,C04.697.098.875,4
D009361,Neoplasm Invasiveness,C04.697.645,3
D017254,Leukemic Infiltration,C04.697.645.500,4
D009362,Neoplasm Metastasis,C04.697.650,3
D000079822,Extranodal Extension,C04.697.650.280,4
D008207,Lymphatic Metastasis,C04.697.650.560,4
D061206,Neoplasm Micrometastasis,C04.697.650.695,4
D009366,Neoplasm Seeding,C04.697.650.830,4
D009382,"Neoplasms, Unknown Primary",C04.697.650.895,4
D009360,"Neoplastic Cells, Circulating",C04.697.650.900,4
D009364,"Neoplasm Recurrence, Local",C04.697.655,3
D009365,"Neoplasm Regression, Spontaneous",C04.697.670,3
D018365,"Neoplasm, Residual",C04.697.700,3
D000074723,Oncogene Addiction,C04.697.850,3
D009386,"Neoplastic Syndromes, Hereditary",C04.700,2
D011125,Adenomatous Polyposis Coli,C04.700.100,3
D005736,Gardner Syndrome,C04.700.100.392,4
D001478,Basal Cell Nevus Syndrome,C04.700.175,3
D058249,Birt-Hogg-Dube Syndrome,C04.700.212,3
D003123,"Colorectal Neoplasms, Hereditary Nonpolyposis",C04.700.250,3
D055847,Lynch Syndrome II,C04.700.250.500,4
D055653,Muir-Torre Syndrome,C04.700.250.500.500,5
D004416,Dysplastic Nevus Syndrome,C04.700.305,3
D005097,"Exostoses, Multiple Hereditary",C04.700.330,3
D006223,"Hamartoma Syndrome, Multiple",C04.700.435,3
D061325,Hereditary Breast and Ovarian Cancer Syndrome,C04.700.517,3
D016864,Li-Fraumeni Syndrome,C04.700.600,3
D009377,Multiple Endocrine Neoplasia,C04.700.630,3
D018761,Multiple Endocrine Neoplasia Type 1,C04.700.630.500,4
D018813,Multiple Endocrine Neoplasia Type 2a,C04.700.630.505,4
D018814,Multiple Endocrine Neoplasia Type 2b,C04.700.630.510,4
D017253,Neurofibromatoses,C04.700.631,3
D009456,Neurofibromatosis 1,C04.700.631.650,4
D016518,Neurofibromatosis 2,C04.700.631.655,4
D010580,Peutz-Jeghers Syndrome,C04.700.633,3
D014402,Tuberous Sclerosis,C04.700.700,3
D009396,Wilms Tumor,C04.700.900,3
D030321,Denys-Drash Syndrome,C04.700.900.220,4
D017624,WAGR Syndrome,C04.700.900.950,4
D010257,Paraneoplastic Syndromes,C04.730,2
D009384,Paraneoplastic Endocrine Syndromes,C04.730.713,3
D000182,"ACTH Syndrome, Ectopic",C04.730.713.317,4
D015043,Zollinger-Ellison Syndrome,C04.730.713.988,4
D020361,"Paraneoplastic Syndromes, Nervous System",C04.730.856,3
D060426,Anti-N-Methyl-D-Aspartate Receptor Encephalitis,C04.730.856.112,4
D020363,Limbic Encephalitis,C04.730.856.437,4
D009157,Myasthenia Gravis,C04.730.856.490,4
D015624,Lambert-Eaton Myasthenic Syndrome,C04.730.856.490.225,5
D009188,"Myelitis, Transverse",C04.730.856.543,4
D053578,Opsoclonus-Myoclonus Syndrome,C04.730.856.596,4
D020362,Paraneoplastic Cerebellar Degeneration,C04.730.856.650,4
D020364,Paraneoplastic Polyneuropathy,C04.730.856.700,4
D059545,"Paraneoplastic Syndromes, Ocular",C04.730.900,3
D011230,Precancerous Conditions,C04.834,2
D058739,Aberrant Crypt Foci,C04.834.020,3
D001471,Barrett Esophagus,C04.834.154,3
D004919,Erythroplasia,C04.834.288,3
D055623,"Keratosis, Actinic",C04.834.450,3
D007971,Leukoplakia,C04.834.512,3
D007972,"Leukoplakia, Oral",C04.834.512.513,4
D017733,"Leukoplakia, Hairy",C04.834.512.513.500,5
D008230,Lymphomatoid Granulomatosis,C04.834.567,3
D011289,Preleukemia,C04.834.770,3
D000075122,Smoldering Multiple Myeloma,C04.834.794,3
D002578,Uterine Cervical Dysplasia,C04.834.818,3
D065309,Atypical Squamous Cells of the Cervix,C04.834.818.249,4
D065310,Squamous Intraepithelial Lesions of the Cervix,C04.834.818.500,4
D014983,Xeroderma Pigmentosum,C04.834.867,3
D011252,"Pregnancy Complications, Neoplastic",C04.850,2
D014328,Trophoblastic Neoplasms,C04.850.908,3
D002822,Choriocarcinoma,C04.850.908.208,4
D031954,"Choriocarcinoma, Non-gestational",C04.850.908.208.438,5
D018245,"Trophoblastic Tumor, Placental Site",C04.850.908.208.875,5
D031901,Gestational Trophoblastic Disease,C04.850.908.416,4
D006828,Hydatidiform Mole,C04.850.908.416.750,5
D002820,"Hydatidiform Mole, Invasive",C04.850.908.416.750.500,6
